{
	"data": [
		{
			"id": 1,
			"name": "Adidas n 5923",
			"description": "ash pink ftw white ftw white",
			"imagePath": "adidas-n-5923-w-ash-pink-ftw-white-ftw-white.jpg",
			"date": 1518508917079,
			"category": "damske",
			"tags": ["popular", "shiny"],
			"size": [36, 37, 39, 40],
			"price": 199,
			"discount": 0
		},
		{
			"id": 2,
			"name": "Adidas stan smith crystal",
			"description": "ash pink ftw white ftw white",
			"imagePath": "adidas-stan-smith-cf-w-crystal-white-crystal-white-trace-orange.jpg",
			"date": 1519510721782,
			"category": "damske",
			"tags": [],
			"size": [36, 39, 40],
			"price": 95,
			"discount": 0
		},
		{
			"id": 3,
			"name": "Adidas stan smith legink",
			"description": "ash pink ftw white ftw white",
			"imagePath": "adidas-stan-smith-cf-w-legink-legink-nobind.jpg",
			"date": 1520913727740,
			"category": "damske",
			"tags": ["shiny"],
			"size": [36, 40],
			"price": 173.33,
			"discount": 0
		},
		{
			"id": 4,
			"name": "Adidas Superstar 80s decon",
			"description": "ash pink ftw white ftw white",
			"imagePath": "adidas-superstar-80s-decon-w-grey-one-grey-one-off-white.jpg",
			"date": 1517154773967,
			"category": "damske",
			"tags": ["popular", "shiny"],
			"size": [36, 37, 39, 40],
			"price": 211.80,
			"discount": 0.20
		},
		{
			"id": 5,
			"name": "Adidas Superstar 80s cargo",
			"description": "ash pink ftw white ftw white",
			"imagePath": "adidas-superstar-80s-mt-w-night-cargo-night-cargo-ftwr-white.jpg",
			"date": 1515349693301,
			"category": "damske",
			"tags": ["popular"],
			"size": [36, 37, 39],
			"price": 177.77,
			"discount": 0
		},
		{
			"id": 6,
			"name": "Air jordan 1",
			"description": "ash pink ftw white ftw white",
			"imagePath": "air-jordan-1-retro-hi-flyknit-bg-black-wolf-grey-white.jpg",
			"date": 1516109932584,
			"category": "damske",
			"tags": ["popular", "shiny"],
			"size": [36, 37, 39, 40],
			"price": 189.99,
			"discount": 0
		},
		{
			"id": 7,
			"name": "Nike air max thea",
			"description": "ash pink ftw white ftw white",
			"imagePath": "nike-wmns-air-max-thea-j-black-metallic-gold-white.jpg",
			"date": 1517166202206,
			"category": "damske",
			"tags": ["popular", "outdoor"],
			"size": [39, 40],
			"price": 129.90,
			"discount": 0.13
		},
		{
			"id": 8,
			"name": "Nike daultone racer",
			"description": "ash pink ftw white ftw white",
			"imagePath": "nike-wmns-dualtone-racer-elemental-rose-light-carbon.jpg",
			"date": 1521211914884,
			"category": "damske",
			"tags": ["popular", "shiny"],
			"size": [36, 37, 39, 40],
			"price": 111,
			"discount": 0
		},
		{
			"id": 9,
			"name": "Puma basket heart",
			"description": "ash pink ftw white ftw white",
			"imagePath": "puma-basket-heart-patent-wn-s-peach-beige-peach-beige.jpg",
			"date": 1516160450908,
			"category": "damske",
			"tags": [],
			"size": [36, 37, 39, 40],
			"price": 199,
			"discount": 0
		},
		{
			"id": 10,
			"name": "Puma suede Infinity",
			"description": "ash pink ftw white ftw white",
			"imagePath": "puma-suede-classic-infinity-puma-white.jpg",
			"date": 1517088543369,
			"category": "damske",
			"tags": ["popular", "outdoor"],
			"size": [36, 37, 39, 40],
			"price": 137.80,
			"discount": 0
		},
		{
			"id": 11,
			"name": "Adidas campus trace",
			"description": "ash pink ftw white ftw white",
			"imagePath": "adidas-campus-trace-scarlet-ftw-white-ftw-white.jpg",
			"date": 1515819372057,
			"category": "panske",
			"tags": ["popular", "shiny"],
			"size": [36, 37, 39, 40],
			"price": 199,
			"discount": 0
		},
		{
			"id": 12,
			"name": "Adidas swift run",
			"description": "ash pink ftw white ftw white",
			"imagePath": "adidas-swift-run-grey-three-core-black-medium-grey-heather.jpg",
			"date": 1518827984916,
			"category": "panske",
			"tags": [],
			"size": [36, 39, 40],
			"price": 95,
			"discount": 0
		},
		{
			"id": 13,
			"name": "Adidas tubular shadow",
			"description": "ash pink ftw white ftw white",
			"imagePath": "adidas-tubular-shadow-maroon-vapor-grey-ftw-white.jpg",
			"date": 1519844411398,
			"category": "panske",
			"tags": ["shiny"],
			"size": [36, 40],
			"price": 173.33,
			"discount": 0
		},
		{
			"id": 14,
			"name": "Converse one star",
			"description": "ash pink ftw white ftw white",
			"imagePath": "converse-one-star-ox-golf-le-fleur-jade-lime-mint-green-egret.jpg",
			"date": 1519724251962,
			"category": "panske",
			"tags": ["popular", "shiny"],
			"size": [36, 37, 39, 40],
			"price": 211.80,
			"discount": 0.20
		},
		{
			"id": 15,
			"name": "Nike air max 1",
			"description": "ash pink ftw white ftw white",
			"imagePath": "nike-air-max-1-premium-navy-gym-red-vivid-sulfur.jpg",
			"date": 1520755707991,
			"category": "panske",
			"tags": ["popular"],
			"size": [36, 37, 39],
			"price": 177.77,
			"discount": 0
		},
		{
			"id": 16,
			"name": "Nike sb zoom blazer",
			"description": "ash pink ftw white ftw white",
			"imagePath": "nike-sb-zoom-blazer-low-black-black-anthracite.jpg",
			"date": 1517767118622,
			"category": "panske",
			"tags": ["popular", "shiny"],
			"size": [36, 37, 39, 40],
			"price": 189.99,
			"discount": 0
		},
		{
			"id": 17,
			"name": "Nike air force 1",
			"description": "ash pink ftw white ftw white",
			"imagePath": "nike-sf-air-force-1-dusty-peach-dusty-peach.jpg",
			"date": 1519645231594,
			"category": "panske",
			"tags": ["popular", "outdoor"],
			"size": [39, 40],
			"price": 129.90,
			"discount": 0.13
		},
		{
			"id": 18,
			"name": "Puma ignite limitless",
			"description": "ash pink ftw white ftw white",
			"imagePath": "puma-ignite-limitless-sr-black.jpg",
			"date": 1515393327263,
			"category": "panske",
			"tags": ["popular", "shiny"],
			"size": [36, 37, 39, 40],
			"price": 111,
			"discount": 0
		},
		{
			"id": 19,
			"name": "Puma classic ash",
			"description": "ash pink ftw white ftw white",
			"imagePath": "puma-suede-classic-ash-puma-white.jpg",
			"date": 1516106312625,
			"category": "panske",
			"tags": [],
			"size": [36, 37, 39, 40],
			"price": 199,
			"discount": 0
		},
		{
			"id": 20,
			"name": "Reebook club c85",
			"description": "ash pink ftw white ftw white",
			"imagePath": "reebok-club-c-85-black-white-gum.jpg",
			"date": 1517129050756,
			"category": "panske",
			"tags": ["popular", "outdoor"],
			"size": [36, 37, 39, 40],
			"price": 137.80,
			"discount": 0
		}
	]
}
